<?xml version="1.0"?>
<doc>
    <assembly>
        <name>SqlMyWayAddIn</name>
    </assembly>
    <members>
        <member name="T:SqlMyWayAddIn.Connect">
            <summary>The object for implementing an Add-in.</summary>
            <seealso class='IDTExtensibility2' />
        </member>
        <member name="M:SqlMyWayAddIn.Connect.Exec(System.String,EnvDTE.vsCommandExecOption,System.Object@,System.Object@,System.Boolean@)">
            <summary>Implements the Exec method of the IDTCommandTarget interface. This is called when the command is invoked.</summary>
            <param term='commandName'>The name of the command to execute.</param>
            <param term='executeOption'>Describes how the command should be run.</param>
            <param term='varIn'>Parameters passed from the caller to the command handler.</param>
            <param term='varOut'>Parameters passed from the command handler to the caller.</param>
            <param term='handled'>Informs the caller if the command was handled or not.</param>
            <seealso class='Exec' />
        </member>
        <member name="M:SqlMyWayAddIn.Connect.OnConnection(System.Object,Extensibility.ext_ConnectMode,System.Object,System.Array@)">
            <summary>
                Implements the OnConnection method of the IDTExtensibility2 interface. Receives notification that the Add-in
                is being loaded.
            </summary>
            <param term='application'>Root object of the host application.</param>
            <param term='connectMode'>Describes how the Add-in is being loaded.</param>
            <param term='addInInst'>Object representing this Add-in.</param>
            <seealso class='IDTExtensibility2' />
        </member>
        <member name="F:SqlMyWayAddIn.OptionsForm.components">
            <summary>
            Required designer variable.
            </summary>
        </member>
        <member name="M:SqlMyWayAddIn.OptionsForm.Dispose(System.Boolean)">
            <summary>
            Clean up any resources being used.
            </summary>
            <param name="disposing">true if managed resources should be disposed; otherwise, false.</param>
        </member>
        <member name="M:SqlMyWayAddIn.OptionsForm.InitializeComponent">
            <summary>
            Required method for Designer support - do not modify
            the contents of this method with the code editor.
            </summary>
        </member>
    </members>
</doc>
